{"cameraMode":{"drawMode":0,"name":"Shaded","section":"Shading Mode"},"sceneLighting":false,"audioPlay":false,"sceneViewState":{"m_AlwaysRefresh":false,"showFog":true,"showSkybox":false,"showFlares":true,"showImageEffects":true,"showParticleSystems":true,"showVisualEffectGraphs":true,"m_FxEnabled":true},"in2DMode":false,"pivot":{"x":0.4250553846359253,"y":0.12522071599960328,"z":0.4306424856185913},"rotation":{"x":-0.06539244204759598,"y":0.922327995300293,"z":-0.1795922964811325,"w":-0.3358391523361206},"size":0.4561620354652405,"orthographic":false}